,file_name,frame_index
0,./audios/clip0.wav,0
1,./audios/clip1.wav,1
2,./audios/clip2.wav,2
3,./audios/clip3.wav,3
4,./audios/clip4.wav,4
5,./audios/clip5.wav,5
6,./audios/clip6.wav,6
7,./audios/clip7.wav,7
8,./audios/clip8.wav,8
9,./audios/clip9.wav,9
10,./audios/clip10.wav,10
11,./audios/clip11.wav,11
12,./audios/clip12.wav,12
13,./audios/clip13.wav,13
14,./audios/clip14.wav,14
15,./audios/clip15.wav,15
16,./audios/clip16.wav,16
17,./audios/clip17.wav,17
18,./audios/clip18.wav,18
19,./audios/clip19.wav,19
20,./audios/clip20.wav,20
21,./audios/clip21.wav,21
22,./audios/clip22.wav,22
23,./audios/clip23.wav,23
24,./audios/clip24.wav,24
25,./audios/clip25.wav,25
26,./audios/clip26.wav,26
27,./audios/clip27.wav,27
28,./audios/clip28.wav,28
29,./audios/clip29.wav,29
30,./audios/clip30.wav,30
31,./audios/clip31.wav,31
32,./audios/clip32.wav,32
33,./audios/clip33.wav,33
34,./audios/clip34.wav,34
35,./audios/clip35.wav,35
36,./audios/clip36.wav,36
37,./audios/clip37.wav,37
38,./audios/clip38.wav,38
39,./audios/clip39.wav,39
40,./audios/clip40.wav,40
41,./audios/clip41.wav,41
42,./audios/clip42.wav,42
43,./audios/clip43.wav,43
44,./audios/clip44.wav,44
45,./audios/clip45.wav,45
46,./audios/clip46.wav,46
47,./audios/clip47.wav,47
48,./audios/clip48.wav,48
49,./audios/clip49.wav,49
50,./audios/clip50.wav,50
51,./audios/clip51.wav,51
52,./audios/clip52.wav,52
53,./audios/clip53.wav,53
54,./audios/clip54.wav,54
55,./audios/clip55.wav,55
56,./audios/clip56.wav,56
57,./audios/clip57.wav,57
58,./audios/clip58.wav,58
59,./audios/clip59.wav,59
60,./audios/clip60.wav,60
61,./audios/clip61.wav,61
62,./audios/clip62.wav,62
63,./audios/clip63.wav,63
64,./audios/clip64.wav,64
65,./audios/clip65.wav,65
66,./audios/clip66.wav,66
67,./audios/clip67.wav,67
68,./audios/clip68.wav,68
69,./audios/clip69.wav,69
70,./audios/clip70.wav,70
71,./audios/clip71.wav,71
72,./audios/clip72.wav,72
73,./audios/clip73.wav,73
74,./audios/clip74.wav,74
75,./audios/clip75.wav,75
76,./audios/clip76.wav,76
77,./audios/clip77.wav,77
78,./audios/clip78.wav,78
79,./audios/clip79.wav,79
80,./audios/clip80.wav,80
81,./audios/clip81.wav,81
82,./audios/clip82.wav,82
83,./audios/clip83.wav,83
84,./audios/clip84.wav,84
85,./audios/clip85.wav,85
86,./audios/clip86.wav,86
87,./audios/clip87.wav,87
88,./audios/clip88.wav,88
89,./audios/clip89.wav,89
90,./audios/clip90.wav,90
91,./audios/clip91.wav,91
92,./audios/clip92.wav,92
93,./audios/clip93.wav,93
94,./audios/clip94.wav,94
95,./audios/clip95.wav,95
96,./audios/clip96.wav,96
97,./audios/clip97.wav,97
98,./audios/clip98.wav,98
99,./audios/clip99.wav,99
100,./audios/clip100.wav,100
101,./audios/clip101.wav,101
102,./audios/clip102.wav,102
103,./audios/clip103.wav,103
104,./audios/clip104.wav,104
105,./audios/clip105.wav,105
106,./audios/clip106.wav,106
107,./audios/clip107.wav,107
108,./audios/clip108.wav,108
109,./audios/clip109.wav,109
110,./audios/clip110.wav,110
111,./audios/clip111.wav,111
112,./audios/clip112.wav,112
113,./audios/clip113.wav,113
114,./audios/clip114.wav,114
115,./audios/clip115.wav,115
116,./audios/clip116.wav,116
117,./audios/clip117.wav,117
118,./audios/clip118.wav,118
119,./audios/clip119.wav,119
120,./audios/clip120.wav,120
121,./audios/clip121.wav,121
122,./audios/clip122.wav,122
123,./audios/clip123.wav,123
124,./audios/clip124.wav,124
125,./audios/clip125.wav,125
126,./audios/clip126.wav,126
127,./audios/clip127.wav,127
128,./audios/clip128.wav,128
129,./audios/clip129.wav,129
130,./audios/clip130.wav,130
131,./audios/clip131.wav,131
132,./audios/clip132.wav,132
133,./audios/clip133.wav,133
134,./audios/clip134.wav,134
135,./audios/clip135.wav,135
136,./audios/clip136.wav,136
137,./audios/clip137.wav,137
138,./audios/clip138.wav,138
139,./audios/clip139.wav,139
140,./audios/clip140.wav,140
141,./audios/clip141.wav,141
142,./audios/clip142.wav,142
143,./audios/clip143.wav,143
144,./audios/clip144.wav,144
145,./audios/clip145.wav,145
146,./audios/clip146.wav,146
147,./audios/clip147.wav,147
148,./audios/clip148.wav,148
149,./audios/clip149.wav,149
150,./audios/clip150.wav,150
151,./audios/clip151.wav,151
152,./audios/clip152.wav,152
153,./audios/clip153.wav,153
154,./audios/clip154.wav,154
155,./audios/clip155.wav,155
156,./audios/clip156.wav,156
157,./audios/clip157.wav,157
158,./audios/clip158.wav,158
159,./audios/clip159.wav,159
160,./audios/clip160.wav,160
161,./audios/clip161.wav,161
162,./audios/clip162.wav,162
163,./audios/clip163.wav,163
164,./audios/clip164.wav,164
165,./audios/clip165.wav,165
166,./audios/clip166.wav,166
167,./audios/clip167.wav,167
168,./audios/clip168.wav,168
169,./audios/clip169.wav,169
170,./audios/clip170.wav,170
171,./audios/clip171.wav,171
172,./audios/clip172.wav,172
173,./audios/clip173.wav,173
174,./audios/clip174.wav,174
175,./audios/clip175.wav,175
176,./audios/clip176.wav,176
177,./audios/clip177.wav,177
178,./audios/clip178.wav,178
179,./audios/clip179.wav,179
180,./audios/clip180.wav,180
181,./audios/clip181.wav,181
182,./audios/clip182.wav,182
183,./audios/clip183.wav,183
184,./audios/clip184.wav,184
185,./audios/clip185.wav,185
186,./audios/clip186.wav,186
187,./audios/clip187.wav,187
188,./audios/clip188.wav,188
189,./audios/clip189.wav,189
190,./audios/clip190.wav,190
191,./audios/clip191.wav,191
192,./audios/clip192.wav,192
193,./audios/clip193.wav,193
194,./audios/clip194.wav,194
195,./audios/clip195.wav,195
196,./audios/clip196.wav,196
197,./audios/clip197.wav,197
198,./audios/clip198.wav,198
199,./audios/clip199.wav,199
200,./audios/clip200.wav,200
201,./audios/clip201.wav,201
202,./audios/clip202.wav,202
203,./audios/clip203.wav,203
204,./audios/clip204.wav,204
205,./audios/clip205.wav,205
206,./audios/clip206.wav,206
207,./audios/clip207.wav,207
208,./audios/clip208.wav,208
209,./audios/clip209.wav,209
210,./audios/clip210.wav,210
211,./audios/clip211.wav,211
212,./audios/clip212.wav,212
213,./audios/clip213.wav,213
214,./audios/clip214.wav,214
215,./audios/clip215.wav,215
216,./audios/clip216.wav,216
217,./audios/clip217.wav,217
218,./audios/clip218.wav,218
219,./audios/clip219.wav,219
220,./audios/clip220.wav,220
221,./audios/clip221.wav,221
222,./audios/clip222.wav,222
223,./audios/clip223.wav,223
224,./audios/clip224.wav,224
225,./audios/clip225.wav,225
226,./audios/clip226.wav,226
227,./audios/clip227.wav,227
228,./audios/clip228.wav,228
229,./audios/clip229.wav,229
230,./audios/clip230.wav,230
231,./audios/clip231.wav,231
232,./audios/clip232.wav,232
233,./audios/clip233.wav,233
234,./audios/clip234.wav,234
235,./audios/clip235.wav,235
236,./audios/clip236.wav,236
237,./audios/clip237.wav,237
238,./audios/clip238.wav,238
239,./audios/clip239.wav,239
240,./audios/clip240.wav,240
241,./audios/clip241.wav,241
242,./audios/clip242.wav,242
243,./audios/clip243.wav,243
244,./audios/clip244.wav,244
245,./audios/clip245.wav,245
246,./audios/clip246.wav,246
247,./audios/clip247.wav,247
248,./audios/clip248.wav,248
249,./audios/clip249.wav,249
250,./audios/clip250.wav,250
251,./audios/clip251.wav,251
252,./audios/clip252.wav,252
253,./audios/clip253.wav,253
254,./audios/clip254.wav,254
255,./audios/clip255.wav,255
256,./audios/clip256.wav,256
257,./audios/clip257.wav,257
258,./audios/clip258.wav,258
259,./audios/clip259.wav,259
260,./audios/clip260.wav,260
261,./audios/clip261.wav,261
262,./audios/clip262.wav,262
263,./audios/clip263.wav,263
264,./audios/clip264.wav,264
265,./audios/clip265.wav,265
266,./audios/clip266.wav,266
267,./audios/clip267.wav,267
268,./audios/clip268.wav,268
269,./audios/clip269.wav,269
270,./audios/clip270.wav,270
271,./audios/clip271.wav,271
272,./audios/clip272.wav,272
273,./audios/clip273.wav,273
274,./audios/clip274.wav,274
275,./audios/clip275.wav,275
276,./audios/clip276.wav,276
277,./audios/clip277.wav,277
278,./audios/clip278.wav,278
279,./audios/clip279.wav,279
280,./audios/clip280.wav,280
281,./audios/clip281.wav,281
282,./audios/clip282.wav,282
283,./audios/clip283.wav,283
284,./audios/clip284.wav,284
285,./audios/clip285.wav,285
286,./audios/clip286.wav,286
287,./audios/clip287.wav,287
288,./audios/clip288.wav,288
289,./audios/clip289.wav,289
290,./audios/clip290.wav,290
291,./audios/clip291.wav,291
292,./audios/clip292.wav,292
293,./audios/clip293.wav,293
294,./audios/clip294.wav,294
295,./audios/clip295.wav,295
296,./audios/clip296.wav,296
297,./audios/clip297.wav,297
298,./audios/clip298.wav,298
299,./audios/clip299.wav,299
300,./audios/clip300.wav,300
301,./audios/clip301.wav,301
302,./audios/clip302.wav,302
303,./audios/clip303.wav,303
304,./audios/clip304.wav,304
305,./audios/clip305.wav,305
306,./audios/clip306.wav,306
307,./audios/clip307.wav,307
308,./audios/clip308.wav,308
309,./audios/clip309.wav,309
310,./audios/clip310.wav,310
311,./audios/clip311.wav,311
312,./audios/clip312.wav,312
313,./audios/clip313.wav,313
314,./audios/clip314.wav,314
315,./audios/clip315.wav,315
316,./audios/clip316.wav,316
317,./audios/clip317.wav,317
318,./audios/clip318.wav,318
319,./audios/clip319.wav,319
320,./audios/clip320.wav,320
321,./audios/clip321.wav,321
322,./audios/clip322.wav,322
323,./audios/clip323.wav,323
324,./audios/clip324.wav,324
325,./audios/clip325.wav,325
326,./audios/clip326.wav,326
327,./audios/clip327.wav,327
328,./audios/clip328.wav,328
329,./audios/clip329.wav,329
330,./audios/clip330.wav,330
331,./audios/clip331.wav,331
332,./audios/clip332.wav,332
333,./audios/clip333.wav,333
334,./audios/clip334.wav,334
335,./audios/clip335.wav,335
336,./audios/clip336.wav,336
337,./audios/clip337.wav,337
338,./audios/clip338.wav,338
339,./audios/clip339.wav,339
340,./audios/clip340.wav,340
341,./audios/clip341.wav,341
342,./audios/clip342.wav,342
343,./audios/clip343.wav,343
344,./audios/clip344.wav,344
345,./audios/clip345.wav,345
346,./audios/clip346.wav,346
347,./audios/clip347.wav,347
348,./audios/clip348.wav,348
349,./audios/clip349.wav,349
350,./audios/clip350.wav,350
351,./audios/clip351.wav,351
352,./audios/clip352.wav,352
353,./audios/clip353.wav,353
354,./audios/clip354.wav,354
355,./audios/clip355.wav,355
356,./audios/clip356.wav,356
357,./audios/clip357.wav,357
358,./audios/clip358.wav,358
359,./audios/clip359.wav,359
360,./audios/clip360.wav,360
361,./audios/clip361.wav,361
362,./audios/clip362.wav,362
363,./audios/clip363.wav,363
364,./audios/clip364.wav,364
365,./audios/clip365.wav,365
366,./audios/clip366.wav,366
367,./audios/clip367.wav,367
368,./audios/clip368.wav,368
369,./audios/clip369.wav,369
370,./audios/clip370.wav,370
371,./audios/clip371.wav,371
372,./audios/clip372.wav,372
373,./audios/clip373.wav,373
374,./audios/clip374.wav,374
375,./audios/clip375.wav,375
376,./audios/clip376.wav,376
377,./audios/clip377.wav,377
378,./audios/clip378.wav,378
379,./audios/clip379.wav,379
380,./audios/clip380.wav,380
381,./audios/clip381.wav,381
382,./audios/clip382.wav,382
383,./audios/clip383.wav,383
384,./audios/clip384.wav,384
385,./audios/clip385.wav,385
386,./audios/clip386.wav,386
387,./audios/clip387.wav,387
388,./audios/clip388.wav,388
389,./audios/clip389.wav,389
390,./audios/clip390.wav,390
391,./audios/clip391.wav,391
392,./audios/clip392.wav,392
393,./audios/clip393.wav,393
394,./audios/clip394.wav,394
395,./audios/clip395.wav,395
396,./audios/clip396.wav,396
397,./audios/clip397.wav,397
398,./audios/clip398.wav,398
399,./audios/clip399.wav,399
400,./audios/clip400.wav,400
401,./audios/clip401.wav,401
402,./audios/clip402.wav,402
403,./audios/clip403.wav,403
404,./audios/clip404.wav,404
405,./audios/clip405.wav,405
406,./audios/clip406.wav,406
407,./audios/clip407.wav,407
408,./audios/clip408.wav,408
409,./audios/clip409.wav,409
410,./audios/clip410.wav,410
411,./audios/clip411.wav,411
412,./audios/clip412.wav,412
413,./audios/clip413.wav,413
414,./audios/clip414.wav,414
415,./audios/clip415.wav,415
416,./audios/clip416.wav,416
417,./audios/clip417.wav,417
418,./audios/clip418.wav,418
419,./audios/clip419.wav,419
420,./audios/clip420.wav,420
421,./audios/clip421.wav,421
422,./audios/clip422.wav,422
423,./audios/clip423.wav,423
424,./audios/clip424.wav,424
425,./audios/clip425.wav,425
426,./audios/clip426.wav,426
427,./audios/clip427.wav,427
428,./audios/clip428.wav,428
429,./audios/clip429.wav,429
430,./audios/clip430.wav,430
431,./audios/clip431.wav,431
432,./audios/clip432.wav,432
433,./audios/clip433.wav,433
434,./audios/clip434.wav,434
435,./audios/clip435.wav,435
436,./audios/clip436.wav,436
437,./audios/clip437.wav,437
438,./audios/clip438.wav,438
439,./audios/clip439.wav,439
440,./audios/clip440.wav,440
441,./audios/clip441.wav,441
442,./audios/clip442.wav,442
443,./audios/clip443.wav,443
444,./audios/clip444.wav,444
445,./audios/clip445.wav,445
446,./audios/clip446.wav,446
447,./audios/clip447.wav,447
448,./audios/clip448.wav,448
449,./audios/clip449.wav,449
450,./audios/clip450.wav,450
451,./audios/clip451.wav,451
452,./audios/clip452.wav,452
453,./audios/clip453.wav,453
454,./audios/clip454.wav,454
455,./audios/clip455.wav,455
456,./audios/clip456.wav,456
457,./audios/clip457.wav,457
458,./audios/clip458.wav,458
459,./audios/clip459.wav,459
460,./audios/clip460.wav,460
461,./audios/clip461.wav,461
462,./audios/clip462.wav,462
463,./audios/clip463.wav,463
464,./audios/clip464.wav,464
465,./audios/clip465.wav,465
466,./audios/clip466.wav,466
467,./audios/clip467.wav,467
468,./audios/clip468.wav,468
469,./audios/clip469.wav,469
470,./audios/clip470.wav,470
471,./audios/clip471.wav,471
472,./audios/clip472.wav,472
473,./audios/clip473.wav,473
474,./audios/clip474.wav,474
475,./audios/clip475.wav,475
476,./audios/clip476.wav,476
477,./audios/clip477.wav,477
478,./audios/clip478.wav,478
479,./audios/clip479.wav,479
480,./audios/clip480.wav,480
481,./audios/clip481.wav,481
482,./audios/clip482.wav,482
483,./audios/clip483.wav,483
484,./audios/clip484.wav,484
485,./audios/clip485.wav,485
486,./audios/clip486.wav,486
487,./audios/clip487.wav,487
488,./audios/clip488.wav,488
489,./audios/clip489.wav,489
490,./audios/clip490.wav,490
491,./audios/clip491.wav,491
492,./audios/clip492.wav,492
493,./audios/clip493.wav,493
494,./audios/clip494.wav,494
495,./audios/clip495.wav,495
496,./audios/clip496.wav,496
497,./audios/clip497.wav,497
498,./audios/clip498.wav,498
499,./audios/clip499.wav,499
500,./audios/clip500.wav,500
501,./audios/clip501.wav,501
502,./audios/clip502.wav,502
503,./audios/clip503.wav,503
504,./audios/clip504.wav,504
505,./audios/clip505.wav,505
506,./audios/clip506.wav,506
507,./audios/clip507.wav,507
508,./audios/clip508.wav,508
509,./audios/clip509.wav,509
510,./audios/clip510.wav,510
511,./audios/clip511.wav,511
512,./audios/clip512.wav,512
513,./audios/clip513.wav,513
514,./audios/clip514.wav,514
515,./audios/clip515.wav,515
516,./audios/clip516.wav,516
517,./audios/clip517.wav,517
518,./audios/clip518.wav,518
519,./audios/clip519.wav,519
520,./audios/clip520.wav,520
521,./audios/clip521.wav,521
522,./audios/clip522.wav,522
523,./audios/clip523.wav,523
524,./audios/clip524.wav,524
525,./audios/clip525.wav,525
526,./audios/clip526.wav,526
527,./audios/clip527.wav,527
528,./audios/clip528.wav,528
529,./audios/clip529.wav,529
530,./audios/clip530.wav,530
531,./audios/clip531.wav,531
532,./audios/clip532.wav,532
533,./audios/clip533.wav,533
534,./audios/clip534.wav,534
535,./audios/clip535.wav,535
536,./audios/clip536.wav,536
537,./audios/clip537.wav,537
538,./audios/clip538.wav,538
539,./audios/clip539.wav,539
540,./audios/clip540.wav,540
541,./audios/clip541.wav,541
542,./audios/clip542.wav,542
543,./audios/clip543.wav,543
544,./audios/clip544.wav,544
545,./audios/clip545.wav,545
546,./audios/clip546.wav,546
547,./audios/clip547.wav,547
548,./audios/clip548.wav,548
549,./audios/clip549.wav,549
550,./audios/clip550.wav,550
551,./audios/clip551.wav,551
552,./audios/clip552.wav,552
553,./audios/clip553.wav,553
554,./audios/clip554.wav,554
555,./audios/clip555.wav,555
556,./audios/clip556.wav,556
557,./audios/clip557.wav,557
558,./audios/clip558.wav,558
559,./audios/clip559.wav,559
560,./audios/clip560.wav,560
561,./audios/clip561.wav,561
562,./audios/clip562.wav,562
563,./audios/clip563.wav,563
564,./audios/clip564.wav,564
565,./audios/clip565.wav,565
566,./audios/clip566.wav,566
567,./audios/clip567.wav,567
568,./audios/clip568.wav,568
569,./audios/clip569.wav,569
570,./audios/clip570.wav,570
571,./audios/clip571.wav,571
572,./audios/clip572.wav,572
573,./audios/clip573.wav,573
574,./audios/clip574.wav,574
575,./audios/clip575.wav,575
576,./audios/clip576.wav,576
577,./audios/clip577.wav,577
578,./audios/clip578.wav,578
579,./audios/clip579.wav,579
580,./audios/clip580.wav,580
581,./audios/clip581.wav,581
582,./audios/clip582.wav,582
583,./audios/clip583.wav,583
584,./audios/clip584.wav,584
585,./audios/clip585.wav,585
586,./audios/clip586.wav,586
587,./audios/clip587.wav,587
588,./audios/clip588.wav,588
589,./audios/clip589.wav,589
590,./audios/clip590.wav,590
591,./audios/clip591.wav,591
592,./audios/clip592.wav,592
593,./audios/clip593.wav,593
594,./audios/clip594.wav,594
595,./audios/clip595.wav,595
596,./audios/clip596.wav,596
597,./audios/clip597.wav,597
598,./audios/clip598.wav,598
599,./audios/clip599.wav,599
600,./audios/clip600.wav,600
601,./audios/clip601.wav,601
602,./audios/clip602.wav,602
603,./audios/clip603.wav,603
604,./audios/clip604.wav,604
605,./audios/clip605.wav,605
606,./audios/clip606.wav,606
607,./audios/clip607.wav,607
608,./audios/clip608.wav,608
609,./audios/clip609.wav,609
610,./audios/clip610.wav,610
611,./audios/clip611.wav,611
612,./audios/clip612.wav,612
613,./audios/clip613.wav,613
614,./audios/clip614.wav,614
615,./audios/clip615.wav,615
616,./audios/clip616.wav,616
617,./audios/clip617.wav,617
618,./audios/clip618.wav,618
619,./audios/clip619.wav,619
620,./audios/clip620.wav,620
621,./audios/clip621.wav,621
622,./audios/clip622.wav,622
623,./audios/clip623.wav,623
624,./audios/clip624.wav,624
625,./audios/clip625.wav,625
626,./audios/clip626.wav,626
627,./audios/clip627.wav,627
628,./audios/clip628.wav,628
629,./audios/clip629.wav,629
630,./audios/clip630.wav,630
631,./audios/clip631.wav,631
632,./audios/clip632.wav,632
633,./audios/clip633.wav,633
634,./audios/clip634.wav,634
635,./audios/clip635.wav,635
636,./audios/clip636.wav,636
637,./audios/clip637.wav,637
638,./audios/clip638.wav,638
639,./audios/clip639.wav,639
640,./audios/clip640.wav,640
641,./audios/clip641.wav,641
642,./audios/clip642.wav,642
643,./audios/clip643.wav,643
644,./audios/clip644.wav,644
645,./audios/clip645.wav,645
646,./audios/clip646.wav,646
647,./audios/clip647.wav,647
648,./audios/clip648.wav,648
649,./audios/clip649.wav,649
650,./audios/clip650.wav,650
651,./audios/clip651.wav,651
652,./audios/clip652.wav,652
653,./audios/clip653.wav,653
654,./audios/clip654.wav,654
655,./audios/clip655.wav,655
656,./audios/clip656.wav,656
657,./audios/clip657.wav,657
658,./audios/clip658.wav,658
659,./audios/clip659.wav,659
660,./audios/clip660.wav,660
661,./audios/clip661.wav,661
662,./audios/clip662.wav,662
663,./audios/clip663.wav,663
664,./audios/clip664.wav,664
665,./audios/clip665.wav,665
666,./audios/clip666.wav,666
667,./audios/clip667.wav,667
668,./audios/clip668.wav,668
669,./audios/clip669.wav,669
670,./audios/clip670.wav,670
671,./audios/clip671.wav,671
672,./audios/clip672.wav,672
673,./audios/clip673.wav,673
674,./audios/clip674.wav,674
675,./audios/clip675.wav,675
676,./audios/clip676.wav,676
677,./audios/clip677.wav,677
678,./audios/clip678.wav,678
679,./audios/clip679.wav,679
680,./audios/clip680.wav,680
681,./audios/clip681.wav,681
682,./audios/clip682.wav,682
683,./audios/clip683.wav,683
684,./audios/clip684.wav,684
685,./audios/clip685.wav,685
686,./audios/clip686.wav,686
687,./audios/clip687.wav,687
688,./audios/clip688.wav,688
689,./audios/clip689.wav,689
690,./audios/clip690.wav,690
691,./audios/clip691.wav,691
692,./audios/clip692.wav,692
693,./audios/clip693.wav,693
694,./audios/clip694.wav,694
695,./audios/clip695.wav,695
696,./audios/clip696.wav,696
697,./audios/clip697.wav,697
698,./audios/clip698.wav,698
699,./audios/clip699.wav,699
700,./audios/clip700.wav,700
701,./audios/clip701.wav,701
702,./audios/clip702.wav,702
703,./audios/clip703.wav,703
704,./audios/clip704.wav,704
705,./audios/clip705.wav,705
706,./audios/clip706.wav,706
707,./audios/clip707.wav,707
708,./audios/clip708.wav,708
709,./audios/clip709.wav,709
710,./audios/clip710.wav,710
711,./audios/clip711.wav,711
712,./audios/clip712.wav,712
713,./audios/clip713.wav,713
714,./audios/clip714.wav,714
715,./audios/clip715.wav,715
716,./audios/clip716.wav,716
717,./audios/clip717.wav,717
718,./audios/clip718.wav,718
719,./audios/clip719.wav,719
720,./audios/clip720.wav,720
721,./audios/clip721.wav,721
722,./audios/clip722.wav,722
723,./audios/clip723.wav,723
724,./audios/clip724.wav,724
725,./audios/clip725.wav,725
726,./audios/clip726.wav,726
727,./audios/clip727.wav,727
728,./audios/clip728.wav,728
729,./audios/clip729.wav,729
730,./audios/clip730.wav,730
731,./audios/clip731.wav,731
732,./audios/clip732.wav,732
733,./audios/clip733.wav,733
734,./audios/clip734.wav,734
735,./audios/clip735.wav,735
736,./audios/clip736.wav,736
737,./audios/clip737.wav,737
738,./audios/clip738.wav,738
739,./audios/clip739.wav,739
740,./audios/clip740.wav,740
741,./audios/clip741.wav,741
742,./audios/clip742.wav,742
743,./audios/clip743.wav,743
744,./audios/clip744.wav,744
745,./audios/clip745.wav,745
746,./audios/clip746.wav,746
747,./audios/clip747.wav,747
748,./audios/clip748.wav,748
749,./audios/clip749.wav,749
750,./audios/clip750.wav,750
751,./audios/clip751.wav,751
752,./audios/clip752.wav,752
753,./audios/clip753.wav,753
754,./audios/clip754.wav,754
755,./audios/clip755.wav,755
756,./audios/clip756.wav,756
757,./audios/clip757.wav,757
758,./audios/clip758.wav,758
759,./audios/clip759.wav,759
760,./audios/clip760.wav,760
761,./audios/clip761.wav,761
762,./audios/clip762.wav,762
763,./audios/clip763.wav,763
764,./audios/clip764.wav,764
765,./audios/clip765.wav,765
766,./audios/clip766.wav,766
767,./audios/clip767.wav,767
768,./audios/clip768.wav,768
769,./audios/clip769.wav,769
770,./audios/clip770.wav,770
771,./audios/clip771.wav,771
772,./audios/clip772.wav,772
773,./audios/clip773.wav,773
774,./audios/clip774.wav,774
775,./audios/clip775.wav,775
776,./audios/clip776.wav,776
777,./audios/clip777.wav,777
778,./audios/clip778.wav,778
779,./audios/clip779.wav,779
780,./audios/clip780.wav,780
781,./audios/clip781.wav,781
782,./audios/clip782.wav,782
783,./audios/clip783.wav,783
784,./audios/clip784.wav,784
785,./audios/clip785.wav,785
786,./audios/clip786.wav,786
787,./audios/clip787.wav,787
788,./audios/clip788.wav,788
789,./audios/clip789.wav,789
790,./audios/clip790.wav,790
791,./audios/clip791.wav,791
792,./audios/clip792.wav,792
793,./audios/clip793.wav,793
794,./audios/clip794.wav,794
795,./audios/clip795.wav,795
796,./audios/clip796.wav,796
797,./audios/clip797.wav,797
798,./audios/clip798.wav,798
799,./audios/clip799.wav,799
800,./audios/clip800.wav,800
801,./audios/clip801.wav,801
802,./audios/clip802.wav,802
803,./audios/clip803.wav,803
804,./audios/clip804.wav,804
805,./audios/clip805.wav,805
806,./audios/clip806.wav,806
807,./audios/clip807.wav,807
808,./audios/clip808.wav,808
809,./audios/clip809.wav,809
810,./audios/clip810.wav,810
811,./audios/clip811.wav,811
812,./audios/clip812.wav,812
813,./audios/clip813.wav,813
814,./audios/clip814.wav,814
815,./audios/clip815.wav,815
816,./audios/clip816.wav,816
817,./audios/clip817.wav,817
818,./audios/clip818.wav,818
819,./audios/clip819.wav,819
820,./audios/clip820.wav,820
821,./audios/clip821.wav,821
822,./audios/clip822.wav,822
823,./audios/clip823.wav,823
824,./audios/clip824.wav,824
825,./audios/clip825.wav,825
826,./audios/clip826.wav,826
827,./audios/clip827.wav,827
828,./audios/clip828.wav,828
829,./audios/clip829.wav,829
830,./audios/clip830.wav,830
831,./audios/clip831.wav,831
832,./audios/clip832.wav,832
833,./audios/clip833.wav,833
834,./audios/clip834.wav,834
835,./audios/clip835.wav,835
836,./audios/clip836.wav,836
837,./audios/clip837.wav,837
838,./audios/clip838.wav,838
839,./audios/clip839.wav,839
840,./audios/clip840.wav,840
841,./audios/clip841.wav,841
842,./audios/clip842.wav,842
843,./audios/clip843.wav,843
844,./audios/clip844.wav,844
845,./audios/clip845.wav,845
846,./audios/clip846.wav,846
847,./audios/clip847.wav,847
848,./audios/clip848.wav,848
849,./audios/clip849.wav,849
850,./audios/clip850.wav,850
851,./audios/clip851.wav,851
852,./audios/clip852.wav,852
853,./audios/clip853.wav,853
854,./audios/clip854.wav,854
855,./audios/clip855.wav,855
856,./audios/clip856.wav,856
857,./audios/clip857.wav,857
858,./audios/clip858.wav,858
859,./audios/clip859.wav,859
860,./audios/clip860.wav,860
861,./audios/clip861.wav,861
862,./audios/clip862.wav,862
863,./audios/clip863.wav,863
864,./audios/clip864.wav,864
865,./audios/clip865.wav,865
866,./audios/clip866.wav,866
867,./audios/clip867.wav,867
868,./audios/clip868.wav,868
869,./audios/clip869.wav,869
870,./audios/clip870.wav,870
871,./audios/clip871.wav,871
872,./audios/clip872.wav,872
873,./audios/clip873.wav,873
874,./audios/clip874.wav,874
875,./audios/clip875.wav,875
876,./audios/clip876.wav,876
877,./audios/clip877.wav,877
878,./audios/clip878.wav,878
879,./audios/clip879.wav,879
880,./audios/clip880.wav,880
881,./audios/clip881.wav,881
882,./audios/clip882.wav,882
883,./audios/clip883.wav,883
884,./audios/clip884.wav,884
885,./audios/clip885.wav,885
886,./audios/clip886.wav,886
887,./audios/clip887.wav,887
888,./audios/clip888.wav,888
889,./audios/clip889.wav,889
890,./audios/clip890.wav,890
891,./audios/clip891.wav,891
892,./audios/clip892.wav,892
893,./audios/clip893.wav,893
894,./audios/clip894.wav,894
895,./audios/clip895.wav,895
896,./audios/clip896.wav,896
897,./audios/clip897.wav,897
898,./audios/clip898.wav,898
899,./audios/clip899.wav,899
900,./audios/clip900.wav,900
901,./audios/clip901.wav,901
902,./audios/clip902.wav,902
903,./audios/clip903.wav,903
904,./audios/clip904.wav,904
905,./audios/clip905.wav,905
906,./audios/clip906.wav,906
907,./audios/clip907.wav,907
908,./audios/clip908.wav,908
909,./audios/clip909.wav,909
910,./audios/clip910.wav,910
911,./audios/clip911.wav,911
912,./audios/clip912.wav,912
913,./audios/clip913.wav,913
914,./audios/clip914.wav,914
915,./audios/clip915.wav,915
916,./audios/clip916.wav,916
917,./audios/clip917.wav,917
918,./audios/clip918.wav,918
919,./audios/clip919.wav,919
920,./audios/clip920.wav,920
921,./audios/clip921.wav,921
922,./audios/clip922.wav,922
923,./audios/clip923.wav,923
924,./audios/clip924.wav,924
925,./audios/clip925.wav,925
926,./audios/clip926.wav,926
927,./audios/clip927.wav,927
928,./audios/clip928.wav,928
929,./audios/clip929.wav,929
930,./audios/clip930.wav,930
931,./audios/clip931.wav,931
932,./audios/clip932.wav,932
933,./audios/clip933.wav,933
934,./audios/clip934.wav,934
935,./audios/clip935.wav,935
936,./audios/clip936.wav,936
937,./audios/clip937.wav,937
938,./audios/clip938.wav,938
939,./audios/clip939.wav,939
940,./audios/clip940.wav,940
941,./audios/clip941.wav,941
942,./audios/clip942.wav,942
943,./audios/clip943.wav,943
944,./audios/clip944.wav,944
945,./audios/clip945.wav,945
946,./audios/clip946.wav,946
947,./audios/clip947.wav,947
948,./audios/clip948.wav,948
949,./audios/clip949.wav,949
950,./audios/clip950.wav,950
951,./audios/clip951.wav,951
952,./audios/clip952.wav,952
953,./audios/clip953.wav,953
954,./audios/clip954.wav,954
955,./audios/clip955.wav,955
956,./audios/clip956.wav,956
957,./audios/clip957.wav,957
958,./audios/clip958.wav,958
959,./audios/clip959.wav,959
960,./audios/clip960.wav,960
961,./audios/clip961.wav,961
962,./audios/clip962.wav,962
963,./audios/clip963.wav,963
964,./audios/clip964.wav,964
965,./audios/clip965.wav,965
966,./audios/clip966.wav,966
967,./audios/clip967.wav,967
968,./audios/clip968.wav,968
969,./audios/clip969.wav,969
970,./audios/clip970.wav,970
971,./audios/clip971.wav,971
972,./audios/clip972.wav,972
973,./audios/clip973.wav,973
974,./audios/clip974.wav,974
975,./audios/clip975.wav,975
976,./audios/clip976.wav,976
977,./audios/clip977.wav,977
978,./audios/clip978.wav,978
979,./audios/clip979.wav,979
980,./audios/clip980.wav,980
981,./audios/clip981.wav,981
982,./audios/clip982.wav,982
983,./audios/clip983.wav,983
984,./audios/clip984.wav,984
985,./audios/clip985.wav,985
986,./audios/clip986.wav,986
987,./audios/clip987.wav,987
988,./audios/clip988.wav,988
989,./audios/clip989.wav,989
990,./audios/clip990.wav,990
991,./audios/clip991.wav,991
992,./audios/clip992.wav,992
993,./audios/clip993.wav,993
994,./audios/clip994.wav,994
995,./audios/clip995.wav,995
996,./audios/clip996.wav,996
997,./audios/clip997.wav,997
998,./audios/clip998.wav,998
999,./audios/clip999.wav,999
1000,./audios/clip1000.wav,1000
1001,./audios/clip1001.wav,1001
1002,./audios/clip1002.wav,1002
1003,./audios/clip1003.wav,1003
1004,./audios/clip1004.wav,1004
1005,./audios/clip1005.wav,1005
1006,./audios/clip1006.wav,1006
1007,./audios/clip1007.wav,1007
1008,./audios/clip1008.wav,1008
1009,./audios/clip1009.wav,1009
1010,./audios/clip1010.wav,1010
1011,./audios/clip1011.wav,1011
1012,./audios/clip1012.wav,1012
1013,./audios/clip1013.wav,1013
1014,./audios/clip1014.wav,1014
1015,./audios/clip1015.wav,1015
1016,./audios/clip1016.wav,1016
1017,./audios/clip1017.wav,1017
1018,./audios/clip1018.wav,1018
1019,./audios/clip1019.wav,1019
1020,./audios/clip1020.wav,1020
1021,./audios/clip1021.wav,1021
1022,./audios/clip1022.wav,1022
1023,./audios/clip1023.wav,1023
1024,./audios/clip1024.wav,1024
1025,./audios/clip1025.wav,1025
1026,./audios/clip1026.wav,1026
1027,./audios/clip1027.wav,1027
1028,./audios/clip1028.wav,1028
1029,./audios/clip1029.wav,1029
1030,./audios/clip1030.wav,1030
1031,./audios/clip1031.wav,1031
1032,./audios/clip1032.wav,1032
1033,./audios/clip1033.wav,1033
1034,./audios/clip1034.wav,1034
1035,./audios/clip1035.wav,1035
1036,./audios/clip1036.wav,1036
1037,./audios/clip1037.wav,1037
1038,./audios/clip1038.wav,1038
1039,./audios/clip1039.wav,1039
1040,./audios/clip1040.wav,1040
1041,./audios/clip1041.wav,1041
1042,./audios/clip1042.wav,1042
1043,./audios/clip1043.wav,1043
1044,./audios/clip1044.wav,1044
1045,./audios/clip1045.wav,1045
1046,./audios/clip1046.wav,1046
1047,./audios/clip1047.wav,1047
1048,./audios/clip1048.wav,1048
1049,./audios/clip1049.wav,1049
1050,./audios/clip1050.wav,1050
1051,./audios/clip1051.wav,1051
1052,./audios/clip1052.wav,1052
1053,./audios/clip1053.wav,1053
1054,./audios/clip1054.wav,1054
1055,./audios/clip1055.wav,1055
1056,./audios/clip1056.wav,1056
1057,./audios/clip1057.wav,1057
1058,./audios/clip1058.wav,1058
1059,./audios/clip1059.wav,1059
1060,./audios/clip1060.wav,1060
1061,./audios/clip1061.wav,1061
1062,./audios/clip1062.wav,1062
1063,./audios/clip1063.wav,1063
1064,./audios/clip1064.wav,1064
1065,./audios/clip1065.wav,1065
1066,./audios/clip1066.wav,1066
1067,./audios/clip1067.wav,1067
1068,./audios/clip1068.wav,1068
1069,./audios/clip1069.wav,1069
1070,./audios/clip1070.wav,1070
1071,./audios/clip1071.wav,1071
1072,./audios/clip1072.wav,1072
1073,./audios/clip1073.wav,1073
1074,./audios/clip1074.wav,1074
1075,./audios/clip1075.wav,1075
1076,./audios/clip1076.wav,1076
1077,./audios/clip1077.wav,1077
1078,./audios/clip1078.wav,1078
1079,./audios/clip1079.wav,1079
1080,./audios/clip1080.wav,1080
1081,./audios/clip1081.wav,1081
1082,./audios/clip1082.wav,1082
1083,./audios/clip1083.wav,1083
1084,./audios/clip1084.wav,1084
1085,./audios/clip1085.wav,1085
1086,./audios/clip1086.wav,1086
1087,./audios/clip1087.wav,1087
1088,./audios/clip1088.wav,1088
1089,./audios/clip1089.wav,1089
1090,./audios/clip1090.wav,1090
1091,./audios/clip1091.wav,1091
1092,./audios/clip1092.wav,1092
1093,./audios/clip1093.wav,1093
1094,./audios/clip1094.wav,1094
1095,./audios/clip1095.wav,1095
1096,./audios/clip1096.wav,1096
1097,./audios/clip1097.wav,1097
1098,./audios/clip1098.wav,1098
1099,./audios/clip1099.wav,1099
1100,./audios/clip1100.wav,1100
1101,./audios/clip1101.wav,1101
1102,./audios/clip1102.wav,1102
1103,./audios/clip1103.wav,1103
1104,./audios/clip1104.wav,1104
1105,./audios/clip1105.wav,1105
1106,./audios/clip1106.wav,1106
1107,./audios/clip1107.wav,1107
1108,./audios/clip1108.wav,1108
1109,./audios/clip1109.wav,1109
1110,./audios/clip1110.wav,1110
1111,./audios/clip1111.wav,1111
1112,./audios/clip1112.wav,1112
1113,./audios/clip1113.wav,1113
1114,./audios/clip1114.wav,1114
1115,./audios/clip1115.wav,1115
1116,./audios/clip1116.wav,1116
1117,./audios/clip1117.wav,1117
1118,./audios/clip1118.wav,1118
1119,./audios/clip1119.wav,1119
1120,./audios/clip1120.wav,1120
1121,./audios/clip1121.wav,1121
1122,./audios/clip1122.wav,1122
1123,./audios/clip1123.wav,1123
1124,./audios/clip1124.wav,1124
1125,./audios/clip1125.wav,1125
1126,./audios/clip1126.wav,1126
1127,./audios/clip1127.wav,1127
1128,./audios/clip1128.wav,1128
1129,./audios/clip1129.wav,1129
1130,./audios/clip1130.wav,1130
1131,./audios/clip1131.wav,1131
1132,./audios/clip1132.wav,1132
1133,./audios/clip1133.wav,1133
1134,./audios/clip1134.wav,1134
1135,./audios/clip1135.wav,1135
1136,./audios/clip1136.wav,1136
1137,./audios/clip1137.wav,1137
1138,./audios/clip1138.wav,1138
1139,./audios/clip1139.wav,1139
1140,./audios/clip1140.wav,1140
1141,./audios/clip1141.wav,1141
1142,./audios/clip1142.wav,1142
1143,./audios/clip1143.wav,1143
1144,./audios/clip1144.wav,1144
1145,./audios/clip1145.wav,1145
1146,./audios/clip1146.wav,1146
1147,./audios/clip1147.wav,1147
1148,./audios/clip1148.wav,1148
1149,./audios/clip1149.wav,1149
1150,./audios/clip1150.wav,1150
1151,./audios/clip1151.wav,1151
1152,./audios/clip1152.wav,1152
1153,./audios/clip1153.wav,1153
1154,./audios/clip1154.wav,1154
1155,./audios/clip1155.wav,1155
1156,./audios/clip1156.wav,1156
1157,./audios/clip1157.wav,1157
1158,./audios/clip1158.wav,1158
1159,./audios/clip1159.wav,1159
1160,./audios/clip1160.wav,1160
1161,./audios/clip1161.wav,1161
1162,./audios/clip1162.wav,1162
1163,./audios/clip1163.wav,1163
1164,./audios/clip1164.wav,1164
1165,./audios/clip1165.wav,1165
1166,./audios/clip1166.wav,1166
1167,./audios/clip1167.wav,1167
1168,./audios/clip1168.wav,1168
1169,./audios/clip1169.wav,1169
1170,./audios/clip1170.wav,1170
1171,./audios/clip1171.wav,1171
1172,./audios/clip1172.wav,1172
1173,./audios/clip1173.wav,1173
1174,./audios/clip1174.wav,1174
1175,./audios/clip1175.wav,1175
1176,./audios/clip1176.wav,1176
1177,./audios/clip1177.wav,1177
1178,./audios/clip1178.wav,1178
1179,./audios/clip1179.wav,1179
1180,./audios/clip1180.wav,1180
1181,./audios/clip1181.wav,1181
1182,./audios/clip1182.wav,1182
1183,./audios/clip1183.wav,1183
1184,./audios/clip1184.wav,1184
1185,./audios/clip1185.wav,1185
1186,./audios/clip1186.wav,1186
1187,./audios/clip1187.wav,1187
1188,./audios/clip1188.wav,1188
1189,./audios/clip1189.wav,1189
1190,./audios/clip1190.wav,1190
1191,./audios/clip1191.wav,1191
1192,./audios/clip1192.wav,1192
1193,./audios/clip1193.wav,1193
1194,./audios/clip1194.wav,1194
1195,./audios/clip1195.wav,1195
1196,./audios/clip1196.wav,1196
1197,./audios/clip1197.wav,1197
1198,./audios/clip1198.wav,1198
1199,./audios/clip1199.wav,1199
1200,./audios/clip1200.wav,1200
1201,./audios/clip1201.wav,1201
1202,./audios/clip1202.wav,1202
1203,./audios/clip1203.wav,1203
1204,./audios/clip1204.wav,1204
1205,./audios/clip1205.wav,1205
1206,./audios/clip1206.wav,1206
1207,./audios/clip1207.wav,1207
1208,./audios/clip1208.wav,1208
1209,./audios/clip1209.wav,1209
1210,./audios/clip1210.wav,1210
1211,./audios/clip1211.wav,1211
1212,./audios/clip1212.wav,1212
1213,./audios/clip1213.wav,1213
1214,./audios/clip1214.wav,1214
1215,./audios/clip1215.wav,1215
1216,./audios/clip1216.wav,1216
1217,./audios/clip1217.wav,1217
1218,./audios/clip1218.wav,1218
1219,./audios/clip1219.wav,1219
1220,./audios/clip1220.wav,1220
1221,./audios/clip1221.wav,1221
1222,./audios/clip1222.wav,1222
1223,./audios/clip1223.wav,1223
1224,./audios/clip1224.wav,1224
1225,./audios/clip1225.wav,1225
1226,./audios/clip1226.wav,1226
1227,./audios/clip1227.wav,1227
1228,./audios/clip1228.wav,1228
1229,./audios/clip1229.wav,1229
1230,./audios/clip1230.wav,1230
1231,./audios/clip1231.wav,1231
1232,./audios/clip1232.wav,1232
1233,./audios/clip1233.wav,1233
1234,./audios/clip1234.wav,1234
1235,./audios/clip1235.wav,1235
1236,./audios/clip1236.wav,1236
1237,./audios/clip1237.wav,1237
1238,./audios/clip1238.wav,1238
1239,./audios/clip1239.wav,1239
1240,./audios/clip1240.wav,1240
1241,./audios/clip1241.wav,1241
1242,./audios/clip1242.wav,1242
1243,./audios/clip1243.wav,1243
1244,./audios/clip1244.wav,1244
1245,./audios/clip1245.wav,1245
1246,./audios/clip1246.wav,1246
1247,./audios/clip1247.wav,1247
1248,./audios/clip1248.wav,1248
1249,./audios/clip1249.wav,1249
1250,./audios/clip1250.wav,1250
1251,./audios/clip1251.wav,1251
1252,./audios/clip1252.wav,1252
1253,./audios/clip1253.wav,1253
1254,./audios/clip1254.wav,1254
1255,./audios/clip1255.wav,1255
1256,./audios/clip1256.wav,1256
1257,./audios/clip1257.wav,1257
1258,./audios/clip1258.wav,1258
1259,./audios/clip1259.wav,1259
1260,./audios/clip1260.wav,1260
1261,./audios/clip1261.wav,1261
1262,./audios/clip1262.wav,1262
1263,./audios/clip1263.wav,1263
1264,./audios/clip1264.wav,1264
1265,./audios/clip1265.wav,1265
1266,./audios/clip1266.wav,1266
1267,./audios/clip1267.wav,1267
1268,./audios/clip1268.wav,1268
1269,./audios/clip1269.wav,1269
1270,./audios/clip1270.wav,1270
1271,./audios/clip1271.wav,1271
1272,./audios/clip1272.wav,1272
1273,./audios/clip1273.wav,1273
1274,./audios/clip1274.wav,1274
1275,./audios/clip1275.wav,1275
1276,./audios/clip1276.wav,1276
1277,./audios/clip1277.wav,1277
1278,./audios/clip1278.wav,1278
1279,./audios/clip1279.wav,1279
1280,./audios/clip1280.wav,1280
1281,./audios/clip1281.wav,1281
1282,./audios/clip1282.wav,1282
1283,./audios/clip1283.wav,1283
1284,./audios/clip1284.wav,1284
1285,./audios/clip1285.wav,1285
1286,./audios/clip1286.wav,1286
1287,./audios/clip1287.wav,1287
1288,./audios/clip1288.wav,1288
1289,./audios/clip1289.wav,1289
1290,./audios/clip1290.wav,1290
1291,./audios/clip1291.wav,1291
1292,./audios/clip1292.wav,1292
1293,./audios/clip1293.wav,1293
1294,./audios/clip1294.wav,1294
1295,./audios/clip1295.wav,1295
1296,./audios/clip1296.wav,1296
1297,./audios/clip1297.wav,1297
1298,./audios/clip1298.wav,1298
1299,./audios/clip1299.wav,1299
1300,./audios/clip1300.wav,1300
1301,./audios/clip1301.wav,1301
1302,./audios/clip1302.wav,1302
1303,./audios/clip1303.wav,1303
1304,./audios/clip1304.wav,1304
1305,./audios/clip1305.wav,1305
1306,./audios/clip1306.wav,1306
1307,./audios/clip1307.wav,1307
1308,./audios/clip1308.wav,1308
1309,./audios/clip1309.wav,1309
1310,./audios/clip1310.wav,1310
1311,./audios/clip1311.wav,1311
1312,./audios/clip1312.wav,1312
1313,./audios/clip1313.wav,1313
1314,./audios/clip1314.wav,1314
1315,./audios/clip1315.wav,1315
1316,./audios/clip1316.wav,1316
1317,./audios/clip1317.wav,1317
1318,./audios/clip1318.wav,1318
1319,./audios/clip1319.wav,1319
1320,./audios/clip1320.wav,1320
1321,./audios/clip1321.wav,1321
1322,./audios/clip1322.wav,1322
1323,./audios/clip1323.wav,1323
1324,./audios/clip1324.wav,1324
1325,./audios/clip1325.wav,1325
1326,./audios/clip1326.wav,1326
1327,./audios/clip1327.wav,1327
1328,./audios/clip1328.wav,1328
1329,./audios/clip1329.wav,1329
1330,./audios/clip1330.wav,1330
1331,./audios/clip1331.wav,1331
1332,./audios/clip1332.wav,1332
1333,./audios/clip1333.wav,1333
1334,./audios/clip1334.wav,1334
1335,./audios/clip1335.wav,1335
1336,./audios/clip1336.wav,1336
1337,./audios/clip1337.wav,1337
1338,./audios/clip1338.wav,1338
1339,./audios/clip1339.wav,1339
1340,./audios/clip1340.wav,1340
1341,./audios/clip1341.wav,1341
1342,./audios/clip1342.wav,1342
1343,./audios/clip1343.wav,1343
1344,./audios/clip1344.wav,1344
1345,./audios/clip1345.wav,1345
1346,./audios/clip1346.wav,1346
1347,./audios/clip1347.wav,1347
1348,./audios/clip1348.wav,1348
1349,./audios/clip1349.wav,1349
1350,./audios/clip1350.wav,1350
1351,./audios/clip1351.wav,1351
1352,./audios/clip1352.wav,1352
1353,./audios/clip1353.wav,1353
1354,./audios/clip1354.wav,1354
1355,./audios/clip1355.wav,1355
1356,./audios/clip1356.wav,1356
1357,./audios/clip1357.wav,1357
1358,./audios/clip1358.wav,1358
1359,./audios/clip1359.wav,1359
1360,./audios/clip1360.wav,1360
1361,./audios/clip1361.wav,1361
1362,./audios/clip1362.wav,1362
1363,./audios/clip1363.wav,1363
1364,./audios/clip1364.wav,1364
1365,./audios/clip1365.wav,1365
1366,./audios/clip1366.wav,1366
1367,./audios/clip1367.wav,1367
1368,./audios/clip1368.wav,1368
1369,./audios/clip1369.wav,1369
1370,./audios/clip1370.wav,1370
1371,./audios/clip1371.wav,1371
1372,./audios/clip1372.wav,1372
1373,./audios/clip1373.wav,1373
1374,./audios/clip1374.wav,1374
1375,./audios/clip1375.wav,1375
1376,./audios/clip1376.wav,1376
1377,./audios/clip1377.wav,1377
1378,./audios/clip1378.wav,1378
1379,./audios/clip1379.wav,1379
1380,./audios/clip1380.wav,1380
1381,./audios/clip1381.wav,1381
1382,./audios/clip1382.wav,1382
1383,./audios/clip1383.wav,1383
1384,./audios/clip1384.wav,1384
1385,./audios/clip1385.wav,1385
1386,./audios/clip1386.wav,1386
1387,./audios/clip1387.wav,1387
1388,./audios/clip1388.wav,1388
1389,./audios/clip1389.wav,1389
1390,./audios/clip1390.wav,1390
1391,./audios/clip1391.wav,1391
1392,./audios/clip1392.wav,1392
1393,./audios/clip1393.wav,1393
1394,./audios/clip1394.wav,1394
1395,./audios/clip1395.wav,1395
1396,./audios/clip1396.wav,1396
1397,./audios/clip1397.wav,1397
1398,./audios/clip1398.wav,1398
1399,./audios/clip1399.wav,1399
1400,./audios/clip1400.wav,1400
1401,./audios/clip1401.wav,1401
1402,./audios/clip1402.wav,1402
1403,./audios/clip1403.wav,1403
1404,./audios/clip1404.wav,1404
1405,./audios/clip1405.wav,1405
1406,./audios/clip1406.wav,1406
1407,./audios/clip1407.wav,1407
1408,./audios/clip1408.wav,1408
1409,./audios/clip1409.wav,1409
1410,./audios/clip1410.wav,1410
1411,./audios/clip1411.wav,1411
1412,./audios/clip1412.wav,1412
1413,./audios/clip1413.wav,1413
1414,./audios/clip1414.wav,1414
1415,./audios/clip1415.wav,1415
1416,./audios/clip1416.wav,1416
1417,./audios/clip1417.wav,1417
1418,./audios/clip1418.wav,1418
1419,./audios/clip1419.wav,1419
1420,./audios/clip1420.wav,1420
1421,./audios/clip1421.wav,1421
1422,./audios/clip1422.wav,1422
1423,./audios/clip1423.wav,1423
1424,./audios/clip1424.wav,1424
1425,./audios/clip1425.wav,1425
1426,./audios/clip1426.wav,1426
1427,./audios/clip1427.wav,1427
1428,./audios/clip1428.wav,1428
1429,./audios/clip1429.wav,1429
1430,./audios/clip1430.wav,1430
1431,./audios/clip1431.wav,1431
1432,./audios/clip1432.wav,1432
1433,./audios/clip1433.wav,1433
1434,./audios/clip1434.wav,1434
1435,./audios/clip1435.wav,1435
1436,./audios/clip1436.wav,1436
1437,./audios/clip1437.wav,1437
1438,./audios/clip1438.wav,1438
1439,./audios/clip1439.wav,1439
1440,./audios/clip1440.wav,1440
1441,./audios/clip1441.wav,1441
1442,./audios/clip1442.wav,1442
1443,./audios/clip1443.wav,1443
1444,./audios/clip1444.wav,1444
1445,./audios/clip1445.wav,1445
1446,./audios/clip1446.wav,1446
1447,./audios/clip1447.wav,1447
1448,./audios/clip1448.wav,1448
1449,./audios/clip1449.wav,1449
1450,./audios/clip1450.wav,1450
1451,./audios/clip1451.wav,1451
1452,./audios/clip1452.wav,1452
1453,./audios/clip1453.wav,1453
1454,./audios/clip1454.wav,1454
1455,./audios/clip1455.wav,1455
1456,./audios/clip1456.wav,1456
1457,./audios/clip1457.wav,1457
1458,./audios/clip1458.wav,1458
1459,./audios/clip1459.wav,1459
1460,./audios/clip1460.wav,1460
1461,./audios/clip1461.wav,1461
1462,./audios/clip1462.wav,1462
1463,./audios/clip1463.wav,1463
1464,./audios/clip1464.wav,1464
1465,./audios/clip1465.wav,1465
1466,./audios/clip1466.wav,1466
1467,./audios/clip1467.wav,1467
1468,./audios/clip1468.wav,1468
1469,./audios/clip1469.wav,1469
1470,./audios/clip1470.wav,1470
1471,./audios/clip1471.wav,1471
1472,./audios/clip1472.wav,1472
1473,./audios/clip1473.wav,1473
1474,./audios/clip1474.wav,1474
1475,./audios/clip1475.wav,1475
1476,./audios/clip1476.wav,1476
1477,./audios/clip1477.wav,1477
1478,./audios/clip1478.wav,1478
1479,./audios/clip1479.wav,1479
1480,./audios/clip1480.wav,1480
1481,./audios/clip1481.wav,1481
1482,./audios/clip1482.wav,1482
1483,./audios/clip1483.wav,1483
1484,./audios/clip1484.wav,1484
1485,./audios/clip1485.wav,1485
1486,./audios/clip1486.wav,1486
1487,./audios/clip1487.wav,1487
1488,./audios/clip1488.wav,1488
1489,./audios/clip1489.wav,1489
1490,./audios/clip1490.wav,1490
1491,./audios/clip1491.wav,1491
1492,./audios/clip1492.wav,1492
1493,./audios/clip1493.wav,1493
1494,./audios/clip1494.wav,1494
1495,./audios/clip1495.wav,1495
1496,./audios/clip1496.wav,1496
1497,./audios/clip1497.wav,1497
1498,./audios/clip1498.wav,1498
1499,./audios/clip1499.wav,1499
1500,./audios/clip1500.wav,1500
1501,./audios/clip1501.wav,1501
1502,./audios/clip1502.wav,1502
1503,./audios/clip1503.wav,1503
1504,./audios/clip1504.wav,1504
1505,./audios/clip1505.wav,1505
1506,./audios/clip1506.wav,1506
1507,./audios/clip1507.wav,1507
1508,./audios/clip1508.wav,1508
1509,./audios/clip1509.wav,1509
1510,./audios/clip1510.wav,1510
1511,./audios/clip1511.wav,1511
1512,./audios/clip1512.wav,1512
1513,./audios/clip1513.wav,1513
1514,./audios/clip1514.wav,1514
1515,./audios/clip1515.wav,1515
1516,./audios/clip1516.wav,1516
1517,./audios/clip1517.wav,1517
1518,./audios/clip1518.wav,1518
1519,./audios/clip1519.wav,1519
1520,./audios/clip1520.wav,1520
1521,./audios/clip1521.wav,1521
1522,./audios/clip1522.wav,1522
1523,./audios/clip1523.wav,1523
1524,./audios/clip1524.wav,1524
1525,./audios/clip1525.wav,1525
1526,./audios/clip1526.wav,1526
1527,./audios/clip1527.wav,1527
1528,./audios/clip1528.wav,1528
1529,./audios/clip1529.wav,1529
1530,./audios/clip1530.wav,1530
1531,./audios/clip1531.wav,1531
1532,./audios/clip1532.wav,1532
1533,./audios/clip1533.wav,1533
1534,./audios/clip1534.wav,1534
1535,./audios/clip1535.wav,1535
1536,./audios/clip1536.wav,1536
1537,./audios/clip1537.wav,1537
1538,./audios/clip1538.wav,1538
1539,./audios/clip1539.wav,1539
1540,./audios/clip1540.wav,1540
1541,./audios/clip1541.wav,1541
1542,./audios/clip1542.wav,1542
1543,./audios/clip1543.wav,1543
1544,./audios/clip1544.wav,1544
1545,./audios/clip1545.wav,1545
1546,./audios/clip1546.wav,1546
1547,./audios/clip1547.wav,1547
1548,./audios/clip1548.wav,1548
1549,./audios/clip1549.wav,1549
1550,./audios/clip1550.wav,1550
1551,./audios/clip1551.wav,1551
1552,./audios/clip1552.wav,1552
1553,./audios/clip1553.wav,1553
1554,./audios/clip1554.wav,1554
1555,./audios/clip1555.wav,1555
1556,./audios/clip1556.wav,1556
1557,./audios/clip1557.wav,1557
1558,./audios/clip1558.wav,1558
1559,./audios/clip1559.wav,1559
1560,./audios/clip1560.wav,1560
1561,./audios/clip1561.wav,1561
1562,./audios/clip1562.wav,1562
1563,./audios/clip1563.wav,1563
1564,./audios/clip1564.wav,1564
1565,./audios/clip1565.wav,1565
1566,./audios/clip1566.wav,1566
1567,./audios/clip1567.wav,1567
1568,./audios/clip1568.wav,1568
1569,./audios/clip1569.wav,1569
1570,./audios/clip1570.wav,1570
1571,./audios/clip1571.wav,1571
1572,./audios/clip1572.wav,1572
1573,./audios/clip1573.wav,1573
1574,./audios/clip1574.wav,1574
1575,./audios/clip1575.wav,1575
1576,./audios/clip1576.wav,1576
1577,./audios/clip1577.wav,1577
1578,./audios/clip1578.wav,1578
1579,./audios/clip1579.wav,1579
1580,./audios/clip1580.wav,1580
1581,./audios/clip1581.wav,1581
1582,./audios/clip1582.wav,1582
1583,./audios/clip1583.wav,1583
1584,./audios/clip1584.wav,1584
1585,./audios/clip1585.wav,1585
1586,./audios/clip1586.wav,1586
1587,./audios/clip1587.wav,1587
1588,./audios/clip1588.wav,1588
1589,./audios/clip1589.wav,1589
1590,./audios/clip1590.wav,1590
1591,./audios/clip1591.wav,1591
1592,./audios/clip1592.wav,1592
1593,./audios/clip1593.wav,1593
1594,./audios/clip1594.wav,1594
1595,./audios/clip1595.wav,1595
1596,./audios/clip1596.wav,1596
1597,./audios/clip1597.wav,1597
1598,./audios/clip1598.wav,1598
1599,./audios/clip1599.wav,1599
1600,./audios/clip1600.wav,1600
1601,./audios/clip1601.wav,1601
1602,./audios/clip1602.wav,1602
1603,./audios/clip1603.wav,1603
1604,./audios/clip1604.wav,1604
1605,./audios/clip1605.wav,1605
1606,./audios/clip1606.wav,1606
1607,./audios/clip1607.wav,1607
1608,./audios/clip1608.wav,1608
1609,./audios/clip1609.wav,1609
1610,./audios/clip1610.wav,1610
1611,./audios/clip1611.wav,1611
1612,./audios/clip1612.wav,1612
1613,./audios/clip1613.wav,1613
1614,./audios/clip1614.wav,1614
1615,./audios/clip1615.wav,1615
1616,./audios/clip1616.wav,1616
1617,./audios/clip1617.wav,1617
1618,./audios/clip1618.wav,1618
1619,./audios/clip1619.wav,1619
1620,./audios/clip1620.wav,1620
1621,./audios/clip1621.wav,1621
1622,./audios/clip1622.wav,1622
1623,./audios/clip1623.wav,1623
1624,./audios/clip1624.wav,1624
1625,./audios/clip1625.wav,1625
1626,./audios/clip1626.wav,1626
1627,./audios/clip1627.wav,1627
1628,./audios/clip1628.wav,1628
1629,./audios/clip1629.wav,1629
1630,./audios/clip1630.wav,1630
1631,./audios/clip1631.wav,1631
1632,./audios/clip1632.wav,1632
1633,./audios/clip1633.wav,1633
1634,./audios/clip1634.wav,1634
1635,./audios/clip1635.wav,1635
1636,./audios/clip1636.wav,1636
1637,./audios/clip1637.wav,1637
1638,./audios/clip1638.wav,1638
1639,./audios/clip1639.wav,1639
1640,./audios/clip1640.wav,1640
1641,./audios/clip1641.wav,1641
1642,./audios/clip1642.wav,1642
1643,./audios/clip1643.wav,1643
1644,./audios/clip1644.wav,1644
1645,./audios/clip1645.wav,1645
1646,./audios/clip1646.wav,1646
1647,./audios/clip1647.wav,1647
1648,./audios/clip1648.wav,1648
1649,./audios/clip1649.wav,1649
1650,./audios/clip1650.wav,1650
1651,./audios/clip1651.wav,1651
1652,./audios/clip1652.wav,1652
1653,./audios/clip1653.wav,1653
1654,./audios/clip1654.wav,1654
1655,./audios/clip1655.wav,1655
1656,./audios/clip1656.wav,1656
1657,./audios/clip1657.wav,1657
1658,./audios/clip1658.wav,1658
1659,./audios/clip1659.wav,1659
1660,./audios/clip1660.wav,1660
1661,./audios/clip1661.wav,1661
1662,./audios/clip1662.wav,1662
1663,./audios/clip1663.wav,1663
1664,./audios/clip1664.wav,1664
1665,./audios/clip1665.wav,1665
1666,./audios/clip1666.wav,1666
1667,./audios/clip1667.wav,1667
1668,./audios/clip1668.wav,1668
1669,./audios/clip1669.wav,1669
1670,./audios/clip1670.wav,1670
1671,./audios/clip1671.wav,1671
1672,./audios/clip1672.wav,1672
1673,./audios/clip1673.wav,1673
1674,./audios/clip1674.wav,1674
1675,./audios/clip1675.wav,1675
1676,./audios/clip1676.wav,1676
1677,./audios/clip1677.wav,1677
1678,./audios/clip1678.wav,1678
1679,./audios/clip1679.wav,1679
1680,./audios/clip1680.wav,1680
1681,./audios/clip1681.wav,1681
1682,./audios/clip1682.wav,1682
1683,./audios/clip1683.wav,1683
1684,./audios/clip1684.wav,1684
1685,./audios/clip1685.wav,1685
1686,./audios/clip1686.wav,1686
1687,./audios/clip1687.wav,1687
1688,./audios/clip1688.wav,1688
1689,./audios/clip1689.wav,1689
1690,./audios/clip1690.wav,1690
1691,./audios/clip1691.wav,1691
1692,./audios/clip1692.wav,1692
1693,./audios/clip1693.wav,1693
1694,./audios/clip1694.wav,1694
1695,./audios/clip1695.wav,1695
1696,./audios/clip1696.wav,1696
1697,./audios/clip1697.wav,1697
1698,./audios/clip1698.wav,1698
1699,./audios/clip1699.wav,1699
1700,./audios/clip1700.wav,1700
1701,./audios/clip1701.wav,1701
1702,./audios/clip1702.wav,1702
1703,./audios/clip1703.wav,1703
1704,./audios/clip1704.wav,1704
1705,./audios/clip1705.wav,1705
1706,./audios/clip1706.wav,1706
1707,./audios/clip1707.wav,1707
1708,./audios/clip1708.wav,1708
1709,./audios/clip1709.wav,1709
1710,./audios/clip1710.wav,1710
1711,./audios/clip1711.wav,1711
1712,./audios/clip1712.wav,1712
1713,./audios/clip1713.wav,1713
1714,./audios/clip1714.wav,1714
1715,./audios/clip1715.wav,1715
1716,./audios/clip1716.wav,1716
1717,./audios/clip1717.wav,1717
1718,./audios/clip1718.wav,1718
1719,./audios/clip1719.wav,1719
1720,./audios/clip1720.wav,1720
1721,./audios/clip1721.wav,1721
1722,./audios/clip1722.wav,1722
1723,./audios/clip1723.wav,1723
1724,./audios/clip1724.wav,1724
1725,./audios/clip1725.wav,1725
1726,./audios/clip1726.wav,1726
1727,./audios/clip1727.wav,1727
1728,./audios/clip1728.wav,1728
1729,./audios/clip1729.wav,1729
1730,./audios/clip1730.wav,1730
1731,./audios/clip1731.wav,1731
1732,./audios/clip1732.wav,1732
1733,./audios/clip1733.wav,1733
1734,./audios/clip1734.wav,1734
1735,./audios/clip1735.wav,1735
1736,./audios/clip1736.wav,1736
1737,./audios/clip1737.wav,1737
1738,./audios/clip1738.wav,1738
1739,./audios/clip1739.wav,1739
1740,./audios/clip1740.wav,1740
1741,./audios/clip1741.wav,1741
1742,./audios/clip1742.wav,1742
1743,./audios/clip1743.wav,1743
1744,./audios/clip1744.wav,1744
1745,./audios/clip1745.wav,1745
1746,./audios/clip1746.wav,1746
1747,./audios/clip1747.wav,1747
1748,./audios/clip1748.wav,1748
1749,./audios/clip1749.wav,1749
1750,./audios/clip1750.wav,1750
1751,./audios/clip1751.wav,1751
1752,./audios/clip1752.wav,1752
1753,./audios/clip1753.wav,1753
1754,./audios/clip1754.wav,1754
1755,./audios/clip1755.wav,1755
1756,./audios/clip1756.wav,1756
1757,./audios/clip1757.wav,1757
1758,./audios/clip1758.wav,1758
1759,./audios/clip1759.wav,1759
1760,./audios/clip1760.wav,1760
1761,./audios/clip1761.wav,1761
1762,./audios/clip1762.wav,1762
1763,./audios/clip1763.wav,1763
1764,./audios/clip1764.wav,1764
1765,./audios/clip1765.wav,1765
1766,./audios/clip1766.wav,1766
1767,./audios/clip1767.wav,1767
1768,./audios/clip1768.wav,1768
1769,./audios/clip1769.wav,1769
1770,./audios/clip1770.wav,1770
1771,./audios/clip1771.wav,1771
1772,./audios/clip1772.wav,1772
1773,./audios/clip1773.wav,1773
1774,./audios/clip1774.wav,1774
1775,./audios/clip1775.wav,1775
1776,./audios/clip1776.wav,1776
1777,./audios/clip1777.wav,1777
1778,./audios/clip1778.wav,1778
1779,./audios/clip1779.wav,1779
1780,./audios/clip1780.wav,1780
1781,./audios/clip1781.wav,1781
1782,./audios/clip1782.wav,1782
1783,./audios/clip1783.wav,1783
1784,./audios/clip1784.wav,1784
1785,./audios/clip1785.wav,1785
1786,./audios/clip1786.wav,1786
1787,./audios/clip1787.wav,1787
1788,./audios/clip1788.wav,1788
1789,./audios/clip1789.wav,1789
1790,./audios/clip1790.wav,1790
1791,./audios/clip1791.wav,1791
1792,./audios/clip1792.wav,1792
1793,./audios/clip1793.wav,1793
1794,./audios/clip1794.wav,1794
1795,./audios/clip1795.wav,1795
1796,./audios/clip1796.wav,1796
1797,./audios/clip1797.wav,1797
1798,./audios/clip1798.wav,1798
1799,./audios/clip1799.wav,1799
1800,./audios/clip1800.wav,1800
1801,./audios/clip1801.wav,1801
1802,./audios/clip1802.wav,1802
1803,./audios/clip1803.wav,1803
1804,./audios/clip1804.wav,1804
1805,./audios/clip1805.wav,1805
1806,./audios/clip1806.wav,1806
1807,./audios/clip1807.wav,1807
1808,./audios/clip1808.wav,1808
1809,./audios/clip1809.wav,1809
1810,./audios/clip1810.wav,1810
1811,./audios/clip1811.wav,1811
1812,./audios/clip1812.wav,1812
1813,./audios/clip1813.wav,1813
1814,./audios/clip1814.wav,1814
1815,./audios/clip1815.wav,1815
1816,./audios/clip1816.wav,1816
1817,./audios/clip1817.wav,1817
1818,./audios/clip1818.wav,1818
1819,./audios/clip1819.wav,1819
1820,./audios/clip1820.wav,1820
1821,./audios/clip1821.wav,1821
1822,./audios/clip1822.wav,1822
1823,./audios/clip1823.wav,1823
1824,./audios/clip1824.wav,1824
1825,./audios/clip1825.wav,1825
1826,./audios/clip1826.wav,1826
1827,./audios/clip1827.wav,1827
1828,./audios/clip1828.wav,1828
1829,./audios/clip1829.wav,1829
1830,./audios/clip1830.wav,1830
1831,./audios/clip1831.wav,1831
1832,./audios/clip1832.wav,1832
1833,./audios/clip1833.wav,1833
1834,./audios/clip1834.wav,1834
1835,./audios/clip1835.wav,1835
1836,./audios/clip1836.wav,1836
1837,./audios/clip1837.wav,1837
1838,./audios/clip1838.wav,1838
1839,./audios/clip1839.wav,1839
1840,./audios/clip1840.wav,1840
1841,./audios/clip1841.wav,1841
1842,./audios/clip1842.wav,1842
1843,./audios/clip1843.wav,1843
1844,./audios/clip1844.wav,1844
1845,./audios/clip1845.wav,1845
1846,./audios/clip1846.wav,1846
1847,./audios/clip1847.wav,1847
1848,./audios/clip1848.wav,1848
1849,./audios/clip1849.wav,1849
1850,./audios/clip1850.wav,1850
1851,./audios/clip1851.wav,1851
1852,./audios/clip1852.wav,1852
1853,./audios/clip1853.wav,1853
1854,./audios/clip1854.wav,1854
1855,./audios/clip1855.wav,1855
1856,./audios/clip1856.wav,1856
1857,./audios/clip1857.wav,1857
1858,./audios/clip1858.wav,1858
1859,./audios/clip1859.wav,1859
1860,./audios/clip1860.wav,1860
1861,./audios/clip1861.wav,1861
1862,./audios/clip1862.wav,1862
1863,./audios/clip1863.wav,1863
1864,./audios/clip1864.wav,1864
1865,./audios/clip1865.wav,1865
1866,./audios/clip1866.wav,1866
1867,./audios/clip1867.wav,1867
1868,./audios/clip1868.wav,1868
1869,./audios/clip1869.wav,1869
1870,./audios/clip1870.wav,1870
1871,./audios/clip1871.wav,1871
1872,./audios/clip1872.wav,1872
1873,./audios/clip1873.wav,1873
1874,./audios/clip1874.wav,1874
1875,./audios/clip1875.wav,1875
1876,./audios/clip1876.wav,1876
1877,./audios/clip1877.wav,1877
1878,./audios/clip1878.wav,1878
1879,./audios/clip1879.wav,1879
1880,./audios/clip1880.wav,1880
1881,./audios/clip1881.wav,1881
1882,./audios/clip1882.wav,1882
